ï»¿State,County,Date Detected,HPAI Strain,Type of Wild Bird,Sampling Source
South Carolina,Colleton,1/13/2022,EA H5N1,American wigeon,Hunter harvest NWDP
South Carolina,Colleton,1/13/2022,EA H5N1,Blue-winged teal,Hunter harvest NWDP
North Carolina,Hyde,1/16/2022,EA H5N1,Northern shoveler,Hunter harvest NWDP
North Carolina,Hyde,1/20/2022,EA H5N1,American wigeon,Hunter harvest NWDP
North Carolina,Hyde,1/20/2022,EA H5,Gadwall,Hunter harvest NWDP
North Carolina,Hyde,1/20/2022,EA H5,Gadwall,Hunter harvest NWDP
North Carolina,Pamlico,1/20/2022,EA H5N1,American wigeon,Hunter harvest NWDP
North Carolina,Pamlico,1/20/2022,EA H5,American wigeon,Hunter harvest NWDP
North Carolina,Pamlico,1/20/2022,EA H5,Mallard,Hunter harvest NWDP
North Carolina,Pamlico,1/20/2022,EA H5N1,Gadwall,Hunter harvest NWDP
North Carolina,Pamlico,1/20/2022,EA H5N1,Northern pintail,Hunter harvest NWDP
North Carolina,Pamlico,1/20/2022,EA H5,Northern pintail,Hunter harvest NWDP
North Carolina,Pamlico,1/20/2022,EA H5,American wigeon,Hunter harvest NWDP
North Carolina,Pamlico,1/20/2022,EA H5,Northern pintail,Hunter harvest NWDP
North Carolina,Pamlico,1/20/2022,EA H5N1,American wigeon,Hunter harvest NWDP
North Carolina,Pamlico,1/20/2022,EA H5N1,Gadwall,Hunter harvest NWDP
North Carolina,Pamlico,1/20/2022,EA H5N1,American wigeon,Hunter harvest NWDP
North Carolina,Pamlico,1/20/2022,EA H5N1,American wigeon,Hunter harvest NWDP
North Carolina,Pamlico,1/20/2022,EA H5N1,Mallard,Hunter harvest NWDP
North Carolina,Pamlico,1/20/2022,EA H5,American wigeon,Hunter harvest NWDP
North Carolina,Pamlico,1/20/2022,EA H5N1,American wigeon,Hunter harvest NWDP
North Carolina,Pamlico,1/20/2022,EA H5N1,Northern shoveler,Hunter harvest NWDP
North Carolina,Pamlico,1/20/2022,EA H5N1,American wigeon,Hunter harvest NWDP
North Carolina,Pamlico,1/20/2022,EA H5N1,American wigeon,Hunter harvest NWDP
North Carolina,Pamlico,1/20/2022,EA H5,American wigeon,Hunter harvest NWDP
North Carolina,Pamlico,1/20/2022,EA H5N1,American wigeon,Hunter harvest NWDP
North Carolina,Pamlico,1/20/2022,EA H5N1,Gadwall,Hunter harvest NWDP
North Carolina,Pamlico,1/20/2022,EA H5,American wigeon,Hunter harvest NWDP
North Carolina,Pamlico,1/20/2022,EA H5N1,American wigeon,Hunter harvest NWDP
North Carolina,Pamlico,1/20/2022,EA H5,American wigeon,Hunter harvest NWDP
North Carolina,Pamlico,1/20/2022,EA H5N1,American wigeon,Hunter harvest NWDP
North Carolina,Pamlico,1/20/2022,EA H5N1,American wigeon,Hunter harvest NWDP
North Carolina,Pamlico,1/20/2022,EA H5N1,American wigeon,Hunter harvest NWDP
North Carolina,Pamlico,1/20/2022,EA H5N1,American wigeon,Hunter harvest NWDP
North Carolina,Pamlico,1/20/2022,EA H5,American wigeon,Hunter harvest NWDP
North Carolina,Pamlico,1/20/2022,EA H5N1,American wigeon,Hunter harvest NWDP
North Carolina,Pamlico,1/20/2022,EA H5N1,American wigeon,Hunter harvest NWDP
North Carolina,Pamlico,1/20/2022,EA H5N1,Gadwall,Hunter harvest NWDP
North Carolina,Pamlico,1/20/2022,EA H5N1,American wigeon,Hunter harvest NWDP
North Carolina,Pamlico,1/20/2022,EA H5,American wigeon,Hunter harvest NWDP
North Carolina,Beaufort,1/26/2022,EA H5N1,American wigeon,Hunter harvest NWDP
North Carolina,Beaufort,1/26/2022,EA H5N1,Gadwall,Hunter harvest NWDP
North Carolina,Beaufort,1/26/2022,EA H5,American wigeon,Hunter harvest NWDP
North Carolina,Beaufort,1/26/2022,EA H5N1,American wigeon,Hunter harvest NWDP
North Carolina,Beaufort,1/26/2022,EA H5,American wigeon,Hunter harvest NWDP
North Carolina,Beaufort,1/26/2022,EA H5N1,American wigeon,Hunter harvest NWDP
North Carolina,Beaufort,1/26/2022,EA H5N1,American wigeon,Hunter harvest NWDP
North Carolina,Pamlico,1/26/2022,EA H5,American green-winged teal,Hunter harvest NWDP
North Carolina,Pamlico,1/26/2022,EA H5,American green-winged teal,Hunter harvest NWDP
North Carolina,Pamlico,1/26/2022,EA H5N1,American green-winged teal,Hunter harvest NWDP
South Carolina,Colleton,1/26/2022,EA H5,Gadwall,Hunter harvest NWDP
South Carolina,Colleton,1/26/2022,EA H5,Gadwall,Hunter harvest NWDP
South Carolina,Colleton,1/26/2022,EA H5,Gadwall,Hunter harvest NWDP
South Carolina,Colleton,1/26/2022,EA H5,Gadwall,Hunter harvest NWDP
South Carolina,Colleton,1/26/2022,EA H5,Gadwall,Hunter harvest NWDP
South Carolina,Colleton,1/26/2022,EA H5,Gadwall,Hunter harvest NWDP
South Carolina,Colleton,1/26/2022,EA H5,Gadwall,Hunter harvest NWDP
South Carolina,Colleton,1/26/2022,EA H5,American wigeon,Hunter harvest NWDP
South Carolina,Colleton,1/26/2022,EA H5,American wigeon,Hunter harvest NWDP
South Carolina,Colleton,1/26/2022,EA H5,American wigeon,Hunter harvest NWDP
South Carolina,Colleton,1/26/2022,EA H5,American wigeon,Hunter harvest NWDP
South Carolina,Colleton,1/26/2022,EA H5,American wigeon,Hunter harvest NWDP
South Carolina,Colleton,1/26/2022,EA H5,American wigeon,Hunter harvest NWDP
South Carolina,Colleton,1/26/2022,EA H5,Northern shoveler,Hunter harvest NWDP
South Carolina,Colleton,1/26/2022,EA H5,Blue-winged teal,Hunter harvest NWDP
South Carolina,Colleton,1/26/2022,EA H5,Blue-winged teal,Hunter harvest NWDP
South Carolina,Colleton,1/26/2022,EA H5,Blue-winged teal,Hunter harvest NWDP
South Carolina,Colleton,1/26/2022,EA H5,Blue-winged teal,Hunter harvest NWDP
South Carolina,Colleton,1/26/2022,EA H5,Blue-winged teal,Hunter harvest NWDP
South Carolina,Colleton,1/26/2022,EA H5,Blue-winged teal,Hunter harvest NWDP
South Carolina,Colleton,1/26/2022,EA H5,Blue-winged teal,Hunter harvest NWDP
North Carolina,Bladen,1/26/2022,EA H5N1,Gadwall,Hunter harvest NWDP
Virginia,Henrico,1/26/2022,EA H5,American green-winged teal,Hunter harvest NWDP
Virginia,Henrico,1/26/2022,EA H5,Mallard,Hunter harvest NWDP
North Carolina,Hyde,1/16/2022,EA H5,Gadwall,Hunter harvest NWDP
North Carolina,Hyde,1/16/2022,EA H5,Northern shoveler,Hunter harvest NWDP
North Carolina,Hyde,1/16/2022,EA H5,Gadwall,Hunter harvest NWDP
North Carolina,Beaufort,1/26/2022,EA H5,American wigeon,Hunter harvest NWDP
North Carolina,Beaufort,1/26/2022,EA H5,American wigeon,Hunter harvest NWDP
South Carolina,Colleton,1/26/2022,EA H5,Blue-winged teal,Hunter harvest NWDP
North Carolina,Pamlico,2/1/2022,EA H5N1,Gadwall,Hunter harvest NWDP
North Carolina,Pamlico,2/1/2022,EA H5N1,Gadwall,Hunter harvest NWDP
North Carolina,Pamlico,2/1/2022,EA H5,Wood duck,Hunter harvest NWDP
North Carolina,Pamlico,2/1/2022,EA H5,American wigeon,Hunter harvest NWDP
North Carolina,Beaufort,2/1/2022,EA H5N1,American green-winged teal,Hunter harvest NWDP
North Carolina,Beaufort,2/1/2022,EA H5N1,American wigeon,Hunter harvest NWDP
North Carolina,Beaufort,2/1/2022,EA H5N1,American wigeon,Hunter harvest NWDP
Virginia,Virginia Beach,2/1/2022,EA H5N1,American green-winged teal,Hunter harvest NWDP
Florida,Palm Beach,2/1/2022,EA H5,Blue-winged teal,Hunter harvest NWDP
Florida,Palm Beach,2/1/2022,EA H5,Blue-winged teal,Hunter harvest NWDP
Maryland,Kent,2/2/2022,EA H5N1,Lesser scaup,Live bird USGS (1)
New Hampshire,Rockingham,2/9/2022,EA H5,Mallard,Live bird NWDP
New Hampshire,Rockingham,2/9/2022,EA H5,Mallard,Live bird NWDP
New Hampshire,Rockingham,2/9/2022,EA H5N1,Mallard,Live bird NWDP
New Hampshire,Rockingham,2/9/2022,EA H5,Mallard,Live bird NWDP
New Hampshire,Rockingham,2/9/2022,EA H5,Mallard,Live bird NWDP
New Hampshire,Rockingham,2/9/2022,EA H5,Mallard,Live bird NWDP
New Hampshire,Rockingham,2/9/2022,EA H5,Mallard,Live bird NWDP
New Hampshire,Rockingham,2/9/2022,EA H5,Mallard,Live bird NWDP
New Hampshire,Rockingham,2/9/2022,EA H5,Mallard,Live bird NWDP
New Hampshire,Rockingham,2/9/2022,EA H5,Mallard,Live bird NWDP
New Hampshire,Rockingham,2/9/2022,EA H5,Mallard,Live bird NWDP
New Hampshire,Rockingham,2/9/2022,EA H5N1,Mallard,Live bird NWDP
New Hampshire,Rockingham,2/9/2022,EA H5,Mallard,Live bird NWDP
New Hampshire,Rockingham,2/9/2022,EA H5,Mallard,Live bird NWDP
New Hampshire,Rockingham,2/9/2022,EA H5,Mallard,Live bird NWDP
New Hampshire,Rockingham,2/9/2022,EA H5N1,Mallard,Live bird NWDP
New Hampshire,Rockingham,2/9/2022,EA H5,Mallard,Live bird NWDP
New Hampshire,Rockingham,2/9/2022,EA H5,Mallard,Live bird NWDP
New Hampshire,Rockingham,2/9/2022,EA H5,Mallard,Live bird NWDP
New Hampshire,Rockingham,2/9/2022,EA H5,Mallard,Live bird NWDP
Delaware,Kent,2/9/2022,EA H5N1,American wigeon,Hunter harvest NWDP
Delaware,Kent,2/9/2022,EA H5,Northern shoveler,Hunter harvest NWDP
Delaware,Kent,2/9/2022,EA H5,Northern shoveler,Hunter harvest NWDP
North Carolina,Bladen,2/8/2022,EA H5,Mallard,Hunter harvest NWDP
North Carolina,Bladen,2/8/2022,EA H5,American green-winged teal,Hunter harvest NWDP
North Carolina,Hyde,2/8/2022,EA H5,American green-winged teal,Hunter harvest NWDP
North Carolina,Hyde,2/8/2022,EA H5,American green-winged teal,Hunter harvest NWDP
North Carolina,Hyde,2/8/2022,EA H5N1,American green-winged teal,Hunter harvest NWDP
North Carolina,Hyde,2/8/2022,EA H5,Gadwall,Hunter harvest NWDP
North Carolina,Bladen,2/8/2022,EA H5,Mallard,Hunter harvest NWDP
North Carolina,Bladen,2/8/2022,EA H5,Gadwall,Hunter harvest NWDP
North Carolina,Pamlico,2/8/2022,EA H5,American wigeon,Hunter harvest NWDP
North Carolina,Pamlico,2/8/2022,EA H5N1,American wigeon,Hunter harvest NWDP
North Carolina,Pamlico,2/8/2022,EA H5N1,American wigeon,Hunter harvest NWDP
North Carolina,Pamlico,2/8/2022,EA H5,American wigeon,Hunter harvest NWDP
North Carolina,Pamlico,2/8/2022,EA H5N1,American wigeon,Hunter harvest NWDP
North Carolina,Pamlico,2/8/2022,EA H5,American wigeon,Hunter harvest NWDP
North Carolina,Pamlico,2/8/2022,EA H5,American wigeon,Hunter harvest NWDP
North Carolina,Pamlico,2/8/2022,EA H5,American wigeon,Hunter harvest NWDP
North Carolina,Hyde,2/8/2022,EA H5,American wigeon,Hunter harvest NWDP
North Carolina,Pamlico,2/8/2022,EA H5,American green-winged teal,Hunter harvest NWDP
North Carolina,Pamlico,2/8/2022,EA H5,American wigeon,Hunter harvest NWDP
North Carolina,Pamlico,2/8/2022,EA H5,American wigeon,Hunter harvest NWDP
North Carolina,Pamlico,2/8/2022,EA H5,American wigeon,Hunter harvest NWDP
North Carolina,Pamlico,2/8/2022,EA H5N1,American wigeon,Hunter harvest NWDP
North Carolina,Pamlico,2/8/2022,EA H5N1,American wigeon,Hunter harvest NWDP
North Carolina,Pamlico,2/8/2022,EA H5,American wigeon,Hunter harvest NWDP
North Carolina,Pamlico,2/8/2022,EA H5N1,Gadwall,Hunter harvest NWDP
Delaware,Kent,2/16/2022,EA H5N1,Northern shoveler,Hunter harvest NWDP
North Carolina,Pamlico,2/16/2022,EA H5,American green-winged teal,Hunter harvest NWDP
Delaware,Kent,2/16/2022,EA H5,American black duck,Hunter harvest NWDP
Delaware,Kent,2/16/2022,EA H5,Gadwall,Hunter harvest NWDP
Delaware,Kent,2/16/2022,EA H5,Northern shoveler,Hunter harvest NWDP
Delaware,Kent,2/16/2022,EA H5,Northern shoveler,Hunter harvest NWDP
North Carolina,Pamlico,2/16/2022,EA H5N1,American green-winged teal,Hunter harvest NWDP
North Carolina,Pamlico,2/16/2022,EA H5,American wigeon,Hunter harvest NWDP
North Carolina,Pamlico,2/16/2022,EA H5N1,American green-winged teal,Hunter harvest NWDP
North Carolina,Pamlico,2/16/2022,EA H5,American green-winged teal,Hunter harvest NWDP
North Carolina,Pamlico,2/16/2022,EA H5,American green-winged teal,Hunter harvest NWDP
North Carolina,Pamlico,2/16/2022,EA H5,American green-winged teal,Hunter harvest NWDP
North Carolina,Pamlico,2/16/2022,EA H5N1,American green-winged teal,Hunter harvest NWDP
North Carolina,Pamlico,2/16/2022,EA H5,American green-winged teal,Hunter harvest NWDP
North Carolina,Pamlico,2/16/2022,EA H5,Northern pintail,Hunter harvest NWDP
North Carolina,Hyde,2/16/2022,EA H5N1,American green-winged teal,Hunter harvest NWDP
North Carolina,Hyde,2/16/2022,EA H5,Mallard,Hunter harvest NWDP
North Carolina,Pamlico,2/16/2022,EA H5,American green-winged teal,Hunter harvest NWDP
North Carolina,Currituck,2/16/2022,EA H5N1,Mallard,Live bird NWDP
North Carolina,Currituck,2/16/2022,EA H5,Mallard,Live bird NWDP
North Carolina,Currituck,2/16/2022,EA H5N1,Mallard,Live bird NWDP
North Carolina,Currituck,2/16/2022,EA H5N1,Mallard,Live bird NWDP
North Carolina,Currituck,2/16/2022,EA H5N1,Mallard,Live bird NWDP
North Carolina,Currituck,2/16/2022,EA H5N1,Mallard,Live bird NWDP
North Carolina,Currituck,2/16/2022,EA H5,Mallard,Live bird NWDP
New Hampshire,Grafton,2/16/2022,EA H5,Mallard,Live bird NWDP
New Hampshire,Grafton,2/16/2022,EA H5,Mallard,Live bird NWDP
New Hampshire,Grafton,2/16/2022,EA H5,Mallard,Live bird NWDP
North Carolina,Hyde,2/16/2022,EA H5,American green-winged teal,Hunter harvest NWDP
North Carolina,Hyde,2/16/2022,EA H5N1,American green-winged teal,Hunter harvest NWDP
North Carolina,Hyde,2/16/2022,EA H5N1,American green-winged teal,Hunter harvest NWDP
North Carolina,Hyde,2/16/2022,EA H5N1,American green-winged teal,Hunter harvest NWDP
North Carolina,Hyde,2/16/2022,EA H5,Gadwall,Hunter harvest NWDP
North Carolina,Hyde,2/16/2022,EA H5,Gadwall,Hunter harvest NWDP
Connecticut,New London,2/16/2022,EA H5,Mallard,Live bird NWDP
Virginia,Virginia Beach,2/16/2022,EA H5,Gadwall,Hunter harvest NWDP
North Carolina,Hyde,2/16/2022,EA H5,American green-winged teal,Hunter harvest NWDP
North Carolina,Hyde,2/16/2022,EA H5,American green-winged teal,Hunter harvest NWDP
North Carolina,Hyde,2/16/2022,EA H5N1,American green-winged teal,Hunter harvest NWDP
North Carolina,Hyde,2/16/2022,EA H5,American green-winged teal,Hunter harvest NWDP
North Carolina,Hyde,2/16/2022,EA H5,American green-winged teal,Hunter harvest NWDP
North Carolina,Hyde,2/16/2022,EA H5,American green-winged teal,Hunter harvest NWDP
North Carolina,Hyde,2/16/2022,EA H5N1,American green-winged teal,Hunter harvest NWDP
North Carolina,Hyde,2/16/2022,EA H5N1,American green-winged teal,Hunter harvest NWDP
North Carolina,Hyde,2/16/2022,EA H5N1,American green-winged teal,Hunter harvest NWDP
North Carolina,Hyde,2/16/2022,EA H5N1,Northern shoveler,Hunter harvest NWDP
North Carolina,Hyde,2/16/2022,EA H5N1,American green-winged teal,Hunter harvest NWDP
North Carolina,Craven,2/16/2022,EA H5N1,Wood duck,Hunter harvest NWDP
Georgia,Hart,2/16/2022,EA H5N1,Gadwall,Hunter harvest NWDP
Georgia,Hart,2/16/2022,EA H5,American wigeon,Hunter harvest NWDP
North Carolina,Beaufort,2/16/2022,EA H5,Wood duck,Hunter harvest NWDP
North Carolina,Hyde,2/16/2022,EA H5N1,American green-winged teal,Hunter harvest NWDP
North Carolina,Pamlico,2/16/2022,EA H5,Gadwall,Hunter harvest NWDP
North Carolina,Pamlico,2/16/2022,EA H5,American wigeon,Hunter harvest NWDP
North Carolina,Pamlico,2/16/2022,EA H5,Mallard,Hunter harvest NWDP
North Carolina,Pamlico,2/16/2022,EA H5,Gadwall,Hunter harvest NWDP
North Carolina,Pamlico,2/16/2022,EA H5,Mallard,Hunter harvest NWDP
North Carolina,Currituck,2/16/2022,EA H5,Northern shoveler,Live bird NWDP
North Carolina,Currituck,2/16/2022,EA H5,Northern shoveler,Live bird NWDP
North Carolina,Currituck,2/16/2022,EA H5,Northern shoveler,Live bird NWDP
North Carolina,Currituck,2/16/2022,EA H5N1,Northern shoveler,Live bird NWDP
Connecticut,Middlesex,2/16/2022,EA H5N1,Mallard,Live bird NWDP
Connecticut,Middlesex,2/16/2022,EA H5N1,Mallard,Live bird NWDP
Connecticut,Middlesex,2/16/2022,EA H5,Mallard,Live bird NWDP
Connecticut,Middlesex,2/16/2022,EA H5,Mallard,Live bird NWDP
Connecticut,Middlesex,2/16/2022,EA H5N1,Mallard,Live bird NWDP
Connecticut,Middlesex,2/16/2022,EA H5,Mallard,Live bird NWDP
Connecticut,Middlesex,2/16/2022,EA H5N1,Mallard,Live bird NWDP
Connecticut,Middlesex,2/16/2022,EA H5,Mallard,Live bird NWDP
Connecticut,Middlesex,2/16/2022,EA H5N1,Mallard,Live bird NWDP
Connecticut,Middlesex,2/16/2022,EA H5,Mallard,Live bird NWDP
Connecticut,Middlesex,2/16/2022,EA H5N1,Mallard,Live bird NWDP
Connecticut,Middlesex,2/16/2022,EA H5,Mallard,Live bird NWDP
Connecticut,Middlesex,2/16/2022,EA H5,Mallard,Live bird NWDP
Connecticut,Middlesex,2/16/2022,EA H5,Mallard,Live bird NWDP
Connecticut,Middlesex,2/16/2022,EA H5,Mallard,Live bird NWDP
Connecticut,Middlesex,2/16/2022,EA H5N1,Mallard,Live bird NWDP
Connecticut,Middlesex,2/16/2022,EA H5N1,Mallard,Live bird NWDP
Connecticut,Middlesex,2/16/2022,EA H5N1,Mallard,Live bird NWDP
Connecticut,Middlesex,2/16/2022,EA H5,Mallard,Live bird NWDP
Connecticut,Middlesex,2/16/2022,EA H5,Mallard,Live bird NWDP
New Hampshire,Rockingham,2/16/2022,EA H5,Mallard,Live bird NWDP
New Hampshire,Rockingham,2/16/2022,EA H5,Mallard,Live bird NWDP
New Hampshire,Rockingham,2/16/2022,EA H5,Mallard,Live bird NWDP
New Hampshire,Rockingham,2/16/2022,EA H5,Mallard,Live bird NWDP
New Hampshire,Rockingham,2/16/2022,EA H5,Mallard,Live bird NWDP
New Hampshire,Rockingham,2/16/2022,EA H5,Mallard,Live bird NWDP
New Hampshire,Rockingham,2/16/2022,EA H5,Mallard,Live bird NWDP
New Hampshire,Rockingham,2/16/2022,EA H5,Mallard,Live bird NWDP
New Hampshire,Rockingham,2/16/2022,EA H5,Mallard,Live bird NWDP
New Hampshire,Rockingham,2/16/2022,EA H5,Mallard,Live bird NWDP
New Hampshire,Rockingham,2/16/2022,EA H5,Mallard,Live bird NWDP
New Hampshire,Rockingham,2/16/2022,EA H5,Mallard,Live bird NWDP
New Hampshire,Rockingham,2/16/2022,EA H5,Mallard,Live bird NWDP
New Hampshire,Rockingham,2/16/2022,EA H5,Mallard,Live bird NWDP
New Hampshire,Rockingham,2/16/2022,EA H5,Mallard,Live bird NWDP
New Hampshire,Rockingham,2/16/2022,EA H5N1,Mallard,Live bird NWDP
New Hampshire,Rockingham,2/16/2022,EA H5,Mallard,Live bird NWDP
New Hampshire,Rockingham,2/16/2022,EA H5,Mallard,Live bird NWDP
New Hampshire,Rockingham,2/16/2022,EA H5,Mallard,Live bird NWDP
New Hampshire,Rockingham,2/16/2022,EA H5,Mallard,Live bird NWDP
New Hampshire,Rockingham,2/16/2022,EA H5,Mallard,Live bird NWDP
New Hampshire,Rockingham,2/16/2022,EA H5,Mallard,Live bird NWDP
New Hampshire,Rockingham,2/16/2022,EA H5,Mallard,Live bird NWDP
New Hampshire,Rockingham,2/16/2022,EA H5,Mallard,Live bird NWDP
New Hampshire,Rockingham,2/16/2022,EA H5,Mallard,Live bird NWDP
New Hampshire,Rockingham,2/16/2022,EA H5,Mallard,Live bird NWDP
North Carolina,Hyde,2/16/2022,EA H5N1,Snow goose,Wild bird mortality USGS/FWS
Kentucky,Ballard,2/17/2022,EA H5N1,Snow goose,Wild bird mortality KDFW/SCWDS
Kentucky,Ballard,2/17/2022,EA H5N1,Snow goose,Wild bird mortality KDFW/SCWDS
North Carolina,Carteret,2/17/2022,EA H5,Redhead duck,Wild bird mortality NCWRC/SCWDS
Florida,Brevard,2/17/2022,EA/AM H5N1,Black vulture,Wild bird mortality Brevard Zoo
Florida,Brevard,2/17/2022,EA/AM H5N1,Black vulture,Wild bird mortality Brevard Zoo
Kentucky,Henderson,2/23/2022,EA H5,Gadwall,Hunter harvest NWDP
Kentucky,Henderson,2/23/2022,EA H5,Gadwall,Hunter harvest NWDP
Kentucky,Henderson,2/23/2022,EA H5,Gadwall,Hunter harvest NWDP
Kentucky,Henderson,2/23/2022,EA H5,Gadwall,Hunter harvest NWDP
Maine,Washington,2/23/2022,EA H5,American black duck,Live bird NWDP
Maine,Washington,2/23/2022,EA H5,American black duck,Live bird NWDP
Maine,Washington,2/23/2022,EA H5,American black duck,Live bird NWDP
Maine,Washington,2/23/2022,EA H5N1,American black duck,Live bird NWDP
Maine,Washington,2/23/2022,EA H5,American black duck,Live bird NWDP
Maine,Washington,2/23/2022,EA H5N1,American black duck,Live bird NWDP
Kentucky,Breckinridge,2/23/2022,EA H5N1,Mallard,Live bird NWDP
Kentucky,Breckinridge,2/23/2022,EA H5N1,Mallard,Live bird NWDP
Kentucky,Breckinridge,2/23/2022,EA H5,Mallard,Live bird NWDP
Kentucky,Breckinridge,2/23/2022,EA H5N1,Mallard,Live bird NWDP
Connecticut,New Haven,2/23/2022,EA H5,American black duck,Live bird NWDP
Connecticut,New Haven,2/23/2022,EA H5,American black duck,Live bird NWDP
Connecticut,New Haven,2/23/2022,EA H5,American black duck,Live bird NWDP
Connecticut,New Haven,2/23/2022,EA H5,American black duck,Live bird NWDP
Connecticut,New Haven,2/23/2022,EA H5,American black duck,Live bird NWDP
Connecticut,New Haven,2/23/2022,EA H5,American black duck,Live bird NWDP
Connecticut,New Haven,2/23/2022,EA H5,American black duck,Live bird NWDP
Connecticut,New Haven,2/23/2022,EA H5,American black duck,Live bird NWDP
Connecticut,New Haven,2/23/2022,EA H5,American black duck,Live bird NWDP
Alabama,Limestone,2/23/2022,EA H5N1,American wigeon,Hunter harvest NWDP
New Jersey,Cape May,2/23/2022,EA H5N1,Mallard,Live bird NWDP
New Jersey,Cape May,2/23/2022,EA H5,Mallard,Live bird NWDP
New Jersey,Cape May,2/23/2022,EA H5N1,Mallard,Live bird NWDP
New Jersey,Cape May,2/23/2022,EA H5N1,Mallard,Live bird NWDP
New Jersey,Cape May,2/23/2022,EA H5N1,Mallard,Live bird NWDP
New Jersey,Cape May,2/23/2022,EA H5,Mallard,Live bird NWDP
New Jersey,Cape May,2/23/2022,EA H5N1,Mallard,Live bird NWDP
New Jersey,Cape May,2/23/2022,EA H5,Mallard,Live bird NWDP
New Jersey,Cape May,2/23/2022,EA H5,Mallard,Live bird NWDP
New Jersey,Cape May,2/23/2022,EA H5,Mallard,Live bird NWDP
New Jersey,Cape May,2/23/2022,EA H5N1,Mallard,Live bird NWDP
New Jersey,Cape May,2/23/2022,EA H5,Mallard,Live bird NWDP
New Jersey,Cape May,2/23/2022,EA H5,Mallard,Live bird NWDP
New Jersey,Cape May,2/23/2022,EA H5,Mallard,Live bird NWDP
New Jersey,Cape May,2/23/2022,EA H5,Mallard,Live bird NWDP
New Jersey,Cape May,2/23/2022,EA H5,Mallard,Live bird NWDP
New Jersey,Cape May,2/23/2022,EA H5,Mallard,Live bird NWDP
New Jersey,Cape May,2/23/2022,EA H5,Mallard,Live bird NWDP
New Jersey,Cape May,2/23/2022,EA H5,Mallard,Live bird NWDP
New Jersey,Cape May,2/23/2022,EA H5,Mallard,Live bird NWDP
New Jersey,Cape May,2/23/2022,EA H5,Mallard,Live bird NWDP
Tennessee,Obion,3/1/2022,EA H5,Wood duck,Hunter harvest NWDP
Tennessee,Obion,3/1/2022,EA H5N1,Wood duck,Hunter harvest NWDP
Massachusetts,Barnstable,3/1/2022,EA H5N1,Canada goose,"Wild bird mortality, MDFW/USGS (5)"
Massachusetts,Barnstable,3/1/2022,EA H5N1,Canada goose,"Wild bird mortality, MDFW/USGS (5)"
Delaware,Kent,2/17/2022,EA H5N1,Canada goose,"Wild bird mortality, USGS/FWS (2)"
New York,Suffolk,2/26/2022,EA H5N1,Sanderling,"Wild bird mortality, NYSDEC (6)"
New Hampshire,Strafford,3/2/2022,EA H5N1,Canada goose,"Wild bird mortality, NWDP/NHFGD/USGS (7)"
New Hampshire,Strafford,3/2/2022,EA H5N1,Canada goose,"Wild bird mortality, NWDP/NHFGD/USGS (7)"
New Hampshire,Strafford,3/2/2022,EA H5N1,Canada goose,"Wild bird mortality, NWDP/NHFGD/USGS (7)"
Florida,Brevard,2/26/2022,EA/AM H5N1,Lesser scaup,Wild bird mortality FFWCC/USGS (8)
Nebraska,Lancaster,3/6/2022,EA/AM H5N1,Ross's Goose,Wild bird mortality NDA (9)
New Hampshire,Rockingham,3/1/2022,EA H5N1,Mallard,Live bird NWDP
Florida,Brevard,3/4/2022,EA H5N1,Lesser scaup,Wild bird mortality FFWCC/SCWDS (10)
Florida,Brevard,3/4/2022,EA/AM H5N1,Lesser scaup,Wild bird mortality FFWCC/SCWDS (10)
Florida,Brevard,3/4/2022,EA H5,Lesser scaup,Wild bird mortality FFWCC/SCWDS (10)
Florida,Brevard,3/4/2022,EA/AM H5N1,Bald eagle,Wild bird mortality USFWS/SCWDS (11)
Florida,Brevard,3/4/2022,EA/AM H5N1,Bald eagle,Wild bird mortality USFWS/SCWDS (11)
North Carolina,Wake,3/4/2022,EA/AM H5N1,Red-shouldered hawk,Wild bird mortality NCWRC/SCWDS (4)
North Carolina,Dare,3/4/2022,EA/AM H5N1,Bald eagle,Wild bird mortality NCWRC/SCWDS (4)
Georgia,Glynn,3/4/2022,EA/AM H5N1,Lesser scaup,Wild bird mortality GDNR/SCWDS (12)
Georgia,Camden,3/4/2022,EA/AM H5N1,Lesser scaup,Wild bird mortality GDNR/SCWDS (12)
Georgia,Camden,3/4/2022,EA/AM H5N1,Lesser scaup,Wild bird mortality GDNR/SCWDS (12)
Georgia,Camden,3/4/2022,EA/AM H5N1,Lesser scaup,Wild bird mortality GDNR/SCWDS (12)
Georgia,Camden,3/4/2022,EA/AM H5N1,Lesser scaup,Wild bird mortality GDNR/SCWDS (12)
Georgia,Camden,3/4/2022,EA/AM H5N1,Lesser scaup,Wild bird mortality GDNR/SCWDS (12)
Missouri,Buchanan,3/8/2022,EA H5,Snow goose,Agency harvest NWDP
Missouri,Chariton,3/8/2022,EA H5,Snow goose,Hunter harvest NWDP
Missouri,Chariton,3/8/2022,EA H5,Snow goose,Hunter harvest NWDP
Missouri,Chariton,3/8/2022,EA H5N1,Snow goose,Hunter harvest NWDP
Missouri,Chariton,3/8/2022,EA H5,Snow goose,Hunter harvest NWDP
Missouri,Chariton,3/8/2022,EA H5,Snow goose,Hunter harvest NWDP
Missouri,Chariton,3/8/2022,EA H5,Ross's Goose,Hunter harvest NWDP
Missouri,Chariton,3/8/2022,EA H5,Snow goose,Hunter harvest NWDP
Missouri,Chariton,3/8/2022,EA H5,Snow goose,Hunter harvest NWDP
Missouri,Chariton,3/8/2022,EA H5N1,Snow goose,Hunter harvest NWDP
Missouri,Chariton,3/8/2022,EA H5,Snow goose,Hunter harvest NWDP
Missouri,Chariton,3/8/2022,EA H5N1,Snow goose,Hunter harvest NWDP
Missouri,Chariton,3/8/2022,EA H5N1,Snow goose,Hunter harvest NWDP
Missouri,Chariton,3/8/2022,EA H5N1,Ross's Goose,Hunter harvest NWDP
Missouri,Chariton,3/8/2022,EA H5N1,Snow goose,Hunter harvest NWDP
Missouri,Chariton,3/8/2022,EA H5N1,Ross's Goose,Hunter harvest NWDP
Missouri,Chariton,3/8/2022,EA H5,Snow goose,Hunter harvest NWDP
Missouri,Chariton,3/8/2022,EA H5N1,Snow goose,Hunter harvest NWDP
Missouri,Chariton,3/8/2022,EA H5,Snow goose,Hunter harvest NWDP
Missouri,Chariton,3/8/2022,EA H5,Snow goose,Hunter harvest NWDP
Missouri,Chariton,3/8/2022,EA H5N1,Snow goose,Hunter harvest NWDP
Missouri,Chariton,3/8/2022,EA H5,Snow goose,Hunter harvest NWDP
Kansas,Barton,3/8/2022,EA H5,Snow goose,Hunter harvest NWDP
Kansas,Barton,3/8/2022,EA H5,Snow goose,Hunter harvest NWDP
Kansas,Barton,3/8/2022,EA H5,Snow goose,Hunter harvest NWDP
Kansas,Barton,3/8/2022,EA H5,Snow goose,Hunter harvest NWDP
Kansas,Barton,3/8/2022,EA H5,Snow goose,Hunter harvest NWDP
Indiana,Dubois,3/8/2022,EA/AM H5N1,Redhead duck,Live bird NWDP
Kentucky,Ballard,3/8/2022,EA H5,Snow goose,Hunter harvest NWDP
Kentucky,Ballard,3/8/2022,EA H5,Snow goose,Hunter harvest NWDP
Kentucky,Fulton,3/8/2022,EA H5N1,Snow goose,Hunter harvest NWDP
Kentucky,Fulton,3/8/2022,EA H5,Snow goose,Hunter harvest NWDP
Tennessee,Dyer,3/8/2022,EA H5,American green-winged teal,Hunter harvest NWDP
Tennessee,Dyer,3/8/2022,EA H5,American green-winged teal,Hunter harvest NWDP
Tennessee,Dyer,3/8/2022,EA H5,American green-winged teal,Hunter harvest NWDP
Iowa,Polk,3/10/2022,EA H5N1,Mallard,Wild bird mortality IDNR (13)
Ohio,Erie,3/10/2022,EA/AM H5N1,Herring gull,Wild bird mortality OH DNR/USGS (17)
Florida,Brevard,3/11/2022,EA/AM H5N1,Black vulture,Wild bird mortality Brevard Zoo
Florida,Brevard,3/11/2022,EA/AM H5N1,Black vulture,Wild bird mortality Brevard Zoo
Florida,Brevard,3/11/2022,EA/AM H5N1,Black vulture,Wild bird mortality Brevard Zoo
Nebraska,Cedar,3/14/2022,EA H5N1,Snow goose,Wild bird mortality NDA (9)
Nebraska,Douglas,3/10/2022,EA H5N1,Canada goose,Wild bird mortality NDA (9)
Florida,Brevard,2/26/2022,EA/AM H5N1,Bald eagle,Wild bird mortality USFWS/SCWDS (11)
Missouri,St. Louis,3/10/2022,EA H5N1,Hooded merganser,Wild bird mortality MDC/USGS (15)
Florida,Brevard,2/18/2022,EA/AM H5N1,Lesser scaup,Wild bird mortality FFWCC
Florida,Brevard,2/18/2022,EA/AM H5N1,Lesser scaup,Wild bird mortality FFWCC
Florida,Brevard,2/18/2022,EA H5,Lesser scaup,Wild bird mortality FFWCC
Florida,Brevard,2/18/2022,EA H5,Lesser scaup,Wild bird mortality FFWCC
Missouri,Clay,3/9/2022,EA H5N1,American white pelican,Wild bird mortality MDC/USGS (15)
Illinois,Will,3/9/2022,EA H5N1,Canada goose,Wild bird mortality NWDP/ILDNR/USGS
Illinois,Will,3/9/2022,EA H5,Canada goose,Wild bird mortality NWDP/ILDNR/USGS
Illinois,Will,3/9/2022,EA H5,Canada goose,Wild bird mortality NWDP/ILDNR/USGS
Florida,Brevard,3/9/2022,EA/AM H5N1,Black vulture,Wild bird mortality Brevard Zoo
Florida,Duval,3/9/2022,EA H5N1,Brown pelican,Wild bird mortality FFWCC
Connecticut,New London,3/9/2022,EA H5N1,American black duck,Live bird NWDP
Connecticut,New London,3/9/2022,EA H5N1,American black duck,Live bird NWDP
Florida,Duval,3/15/2022,EA H5N1,Brown pelican,Wild bird mortality NWDP
New Hampshire,Rockingham,3/15/2022,EA H5N1,Snowy owl,Wild bird mortality NWDP
Michigan,Monroe,3/15/2022,EA H5,Mute swan,Agency harvest NWDP
Iowa,Adair,3/15/2022,EA H5,Snow goose,Hunter harvest NWDP
Illinois,Champaign,3/15/2022,EA H5N1,Mallard,Agency harvest NWDP
Iowa,Monona,3/15/2022,EA H5N1,Ross's goose,Hunter harvest NWDP
Massachusetts,Middlesex,3/15/2022,EA H5N1,Canada goose,Wild bird mortality NWDP
Florida,Brevard,3/18/2022,EA H5N1,Black vulture,Wild bird mortality Brevard Zoo
Florida,Brevard,3/18/2022,EA H5,Black vulture,Wild bird mortality Brevard Zoo
Florida,Brevard,3/18/2022,EA/AM H5N1,Black vulture,Wild bird mortality Brevard Zoo
Iowa,Plymouth,3/18/2022,EA H5,Snow goose,Hunter harvest NWDP
Iowa,Plymouth,3/18/2022,EA H5,Snow goose,Hunter harvest NWDP
Iowa,Plymouth,3/18/2022,EA H5N1,Ross's goose,Hunter harvest NWDP
Iowa,Plymouth,3/18/2022,EA H5N1,Ross's goose,Hunter harvest NWDP
Missouri,Buchanan,3/18/2022,EA H5N1,Hooded merganser,Agency harvest NWDP
Iowa,Monona,3/18/2022,EA H5N1,Snow goose,Hunter harvest NWDP
Massachusetts,Barnstable,3/16/2022,EA H5N1,Sanderling,Wild bird mortality MDFW/USGS (5)
Massachusetts,Barnstable,3/16/2022,EA H5N1,Sanderling,Wild bird mortality MDFW/USGS (5)
Massachusetts,Barnstable,3/16/2022,EA H5N1,Sanderling,Wild bird mortality MDFW/USGS (5)
Massachusetts,Barnstable,3/16/2022,EA H5N1,Sanderling,Wild bird mortality MDFW/USGS (5)
Massachusetts,Barnstable,3/16/2022,EA H5N1,Sanderling,Wild bird mortality MDFW/USGS (5)
Massachusetts,Barnstable,3/16/2022,EA H5,Sanderling,Wild bird mortality MDFW/USGS (5)
Massachusetts,Barnstable,3/16/2022,EA H5N1,Sanderling,Wild bird mortality MDFW/USGS (5)
Massachusetts,Barnstable,3/16/2022,EA H5N1,Sanderling,Wild bird mortality MDFW/USGS (5)
Massachusetts,Barnstable,3/16/2022,EA H5N1,Red-tailed hawk,Wild bird mortality MDFW/USGS (5)
Massachusetts,Barnstable,3/16/2022,EA H5,Turkey vulture,Wild bird mortality MDFW/USGS (5)
Missouri,Holt,3/16/2022,EA/AM H5N1,Snow goose,Wild bird mortality MDC/USGS (15)
Missouri,Holt,3/16/2022,EA/AM H5N1,Snow goose,Wild bird mortality MDC/USGS (15)
Missouri,Holt,3/16/2022,EA/AM H5N1,Snow goose,Wild bird mortality MDC/USGS (15)
Missouri,Chariton,3/16/2022,EA/AM H5N1,Snow goose,Wild bird mortality MDC/USGS (15)
Missouri,Chariton,3/16/2022,EA H5,Snow goose,Wild bird mortality MDC/USGS (15)
Missouri,Chariton,3/16/2022,EA/AM H5N1,Snow goose,Wild bird mortality MDC/USGS (15)
Missouri,Chariton,3/16/2022,EA/AM H5N1,Snow goose,Wild bird mortality MDC/USGS (15)
Illinois,Fulton,3/16/2022,EA H5N1,Ross's goose,Wild bird mortality NWDP/USFWS/USGS
South Dakota,Charles Mix,3/18/2022,EA/AM H5N1,Snow goose,Wild bird mortality USGS/FWS (2)
South Dakota,Charles Mix,3/18/2022,EA H5N1,Snow goose,Wild bird mortality USGS/FWS (2)
South Dakota,Charles Mix,3/18/2022,EA/AM H5N1,Canada goose,Wild bird mortality USGS/FWS (2)
Florida,Volusia,3/18/2022,EA H5N1,Black vulture,Wild bird mortality FFWCC
Florida,Volusia,3/18/2022,EA H5N1,Black vulture,Wild bird mortality FFWCC
Florida,Volusia,3/18/2022,EA H5N1,Black vulture,Wild bird mortality FFWCC
Florida,Volusia,3/18/2022,EA H5N1,Black vulture,Wild bird mortality FFWCC
Florida,Volusia,3/18/2022,EA H5N1,Black vulture,Wild bird mortality FFWCC
Florida,Brevard,3/18/2022,EA/AM H5N1,Black vulture,Wild bird mortality Brevard Zoo
Florida,Brevard,3/18/2022,EA/AM H5N1,Black vulture,Wild bird mortality Brevard Zoo
Florida,Brevard,3/18/2022,EA H5N1,Bald eagle,Wild bird mortality FFWCC/SCWDS (8)
Florida,Brevard,3/18/2022,EA H5N1,Bald eagle,Wild bird mortality FFWCC/SCWDS (8)
Florida,Charlotte,3/18/2022,EA H5N1,Hooded merganser,Wild bird mortality FFWCC/SCWDS (8)
Florida,Brevard,3/18/2022,EA H5N1,Great blue heron,Wild bird mortality FFWCC/SCWDS (8)
Florida,Brevard,3/18/2022,EA H5N1,Black vulture,Wild bird mortality FFWCC/SCWDS (8)
Florida,Brevard,3/18/2022,EA H5N1,Gull (unidentified),Wild bird mortality FFWCC/SCWDS (8)
Florida,Brevard,3/18/2022,EA H5N1,Great horned owl,Wild bird mortality FFWCC/SCWDS (8)
Florida,Brevard,3/18/2022,EA H5N1,Great horned owl,Wild bird mortality FFWCC/SCWDS (8)
Florida,Brevard,3/18/2022,EA H5N1,Bald eagle,Wild bird mortality FFWCC/SCWDS (8)
Florida,Brevard,3/18/2022,EA H5N1,Black vulture,Wild bird mortality FFWCC/SCWDS (8)
Florida,Brevard,3/18/2022,EA H5N1,Black vulture,Wild bird mortality FFWCC/SCWDS (8)
Florida,Polk,3/18/2022,EA H5N1,Ring-billed gull,Wild bird mortality FFWCC/SCWDS (8)
South Carolina,Charleston,3/18/2022,EA H5N1,Bald eagle,Wild bird mortality SCWDS
South Carolina,Charleston,3/18/2022,EA H5N1,Bald eagle,Wild bird mortality SCWDS
North Carolina,Brunswick,3/18/2022,EA H5N1,Brown pelican,Wild bird mortality NCWRC/SCWDS (4)
North Carolina,Pamlico,3/18/2022,EA H5,Ruddy duck,Wild bird mortality NCWRC/SCWDS (4)
North Carolina,Beaufort,3/18/2022,EA H5N1,Bald eagle,Wild bird mortality NCWRC/SCWDS (4)
North Carolina,Davidson,3/18/2022,EA H5N1,Bald eagle,Wild bird mortality USFWS/SCWDS (11)
Kansas,Norton,3/18/2022,EA H5N1,Snow goose,Wild bird mortality KDWP/SCWDS (14)
Kansas,Norton,3/18/2022,EA H5N1,Snow goose,Wild bird mortality KDWP/SCWDS (14)
Kansas,Mitchell,3/18/2022,EA H5N1,Snow goose,Wild bird mortality KDWP/SCWDS (14)
Kansas,Mitchell,3/18/2022,EA H5N1,Snow goose,Wild bird mortality KDWP/SCWDS (14)
Kansas,Mitchell,3/18/2022,EA H5N1,Bald eagle,Wild bird mortality KDWP/SCWDS (14)
Tennessee,Dyer,3/21/2022,EA H5N1,American green-winged teal,Hunter harvest NWDP
Tennessee,Dyer,3/21/2022,EA H5N1,Mallard,Hunter harvest NWDP
Iowa,Harrison,3/22/2022,EA H5N1,Snow goose,Hunter harvest NWDP
Iowa,Harrison,3/22/2022,EA H5N1,Ross's goose,Hunter harvest NWDP
Iowa,Harrison,3/22/2022,EA H5N1,Ross's goose,Hunter harvest NWDP
Illinois,Champaign,3/22/2022,EA H5N1,Canada goose,Wild bird mortality NWDP
Illinois,Sangamon,3/22/2022,EA H5N1,Canada goose,Wild bird mortality NWDP
Iowa,Page,3/16/2022,EA/AM H5N1,Lesser snow goose,Wild bird mortality IA DNR/NWDP (16)
Iowa,Page,3/16/2022,EA H5,Ross's goose,Wild bird mortality IA DNR/NWDP (16)
Iowa,Page,3/16/2022,EA/AM H5N1,Lesser snow goose,Wild bird mortality IA DNR/NWDP (16)
Iowa,Page,3/16/2022,EA/AM H5N1,Lesser snow goose,Wild bird mortality IA DNR/NWDP (16)
Iowa,Page,3/16/2022,EA/AM H5N1,Lesser snow goose- blue phase,Wild bird mortality IA DNR/NWDP (16)
Iowa,Page,3/16/2022,EA/AM H5N1,Lesser snow goose- blue phase,Wild bird mortality IA DNR/NWDP (16)
Iowa,Page,3/16/2022,EA/AM H5N1,Lesser snow goose,Wild bird mortality IA DNR/NWDP (16)
Iowa,Page,3/16/2022,EA/AM H5N1,Lesser snow goose,Wild bird mortality IA DNR/NWDP (16)
Iowa,Page,3/16/2022,EA/AM H5N1,Lesser snow goose,Wild bird mortality IA DNR/NWDP (16)
North Dakota,Burleigh,3/24/2022,EA H5,Snow goose,Wild bird mortality ND Game and Fish
Colorado,Sedgwick,3/24/2022,EA H5N1,Ross's goose,Wild bird mortality CO Parks & Wildlife
Colorado,Sedgwick,3/24/2022,EA H5N1,Snow goose,Wild bird mortality CO Parks & Wildlife
Colorado,Sedgwick,3/24/2022,EA H5N1,Snow goose,Wild bird mortality CO Parks & Wildlife
Colorado,Sedgwick,3/24/2022,EA H5N1,Snow goose,Wild bird mortality CO Parks & Wildlife
Colorado,Sedgwick,3/24/2022,EA H5N1,Ross's goose,Wild bird mortality CO Parks & Wildlife
Colorado,Sedgwick,3/24/2022,EA H5N1,Snow goose,Wild bird mortality CO Parks & Wildlife
Iowa,Cerro Gordo,3/22/2022,EA H5,Red-tailed hawk,Wild bird mortality IA DNR
Iowa,Dickinson,3/24/2022,EA H5N1,Snow goose,Wild bird mortality IA DNR/NWDP (16)
Iowa,Dickinson,3/24/2022,EA H5N1,Snow goose,Wild bird mortality IA DNR/NWDP (16)
Iowa,Dickinson,3/24/2022,EA H5N1,Snow goose,Wild bird mortality IA DNR/NWDP (16)
Iowa,Dickinson,3/24/2022,EA H5N1,Snow goose,Wild bird mortality IA DNR/NWDP (16)
New York,Cayuga,3/24/2022,EA/AM H5N1,Snow goose,Wild bird mortality NYSDEC (6)
New York,Cayuga,3/24/2022,EA/AM H5N1,Snow goose,Wild bird mortality NYSDEC (6)
New York,Cayuga,3/24/2022,EA H5,Snow goose,Wild bird mortality NYSDEC (6)
New York,Cayuga,3/24/2022,EA H5N1,Snow goose,Wild bird mortality NYSDEC (6)
New York,Cayuga,3/24/2022,EA/AM H5N1,Duck (unidentified),Wild bird mortality NYSDEC (6)
Pennsylvania,Chester,3/24/2022,EA H5N1,Bald eagle,Wild bird mortality PA Game Commission
South Dakota,Stanley,3/24/2022,EA H5N1,Canada goose,Wild bird mortality SDGFP/USGS (18)
South Dakota,Stanley,3/24/2022,EA H5N1,Canada goose,Wild bird mortality SDGFP/USGS (18)
South Dakota,Stanley,3/24/2022,EA H5N1,Canada goose,Wild bird mortality SDGFP/USGS (18)
Ohio,Ottawa,3/30/2022,EA H5,American black duck,Live bird NWDP
Ohio,Ottawa,3/30/2022,EA H5,American black duck,Live bird NWDP
Ohio,Ottawa,3/30/2022,EA H5,American black duck,Live bird NWDP
Ohio,Ottawa,3/30/2022,EA H5,American black duck,Live bird NWDP
Ohio,Ottawa,3/30/2022,EA H5,American black duck,Live bird NWDP
Ohio,Ottawa,3/30/2022,EA H5,American black duck,Live bird NWDP
Ohio,Ottawa,3/30/2022,EA H5,Mallard,Live bird NWDP
Ohio,Ottawa,3/30/2022,EA H5,Mallard,Live bird NWDP
Ohio,Ottawa,3/30/2022,EA H5,Mallard,Live bird NWDP
Ohio,Ottawa,3/30/2022,EA H5,Mallard,Live bird NWDP
Ohio,Ottawa,3/30/2022,EA H5,Mallard,Live bird NWDP
Ohio,Ottawa,3/30/2022,EA H5,Mallard,Live bird NWDP
Ohio,Ottawa,3/30/2022,EA H5,Mallard,Live bird NWDP
Ohio,Ottawa,3/30/2022,EA H5,Mallard,Live bird NWDP
Ohio,Ottawa,3/30/2022,EA H5,Mallard,Live bird NWDP
Ohio,Ottawa,3/30/2022,EA H5,American black duck,Live bird NWDP
Ohio,Ottawa,3/30/2022,EA H5,American black duck,Live bird NWDP
Ohio,Ottawa,3/30/2022,EA H5,American black duck,Live bird NWDP
Ohio,Ottawa,3/30/2022,EA H5,American black duck,Live bird NWDP
Ohio,Ottawa,3/30/2022,EA H5,American black duck,Live bird NWDP
Ohio,Ottawa,3/30/2022,EA H5,Duck (unidentified),Live bird NWDP
Ohio,Ottawa,3/30/2022,EA H5,Duck (unidentified),Live bird NWDP
Ohio,Ottawa,3/30/2022,EA H5,Mallard,Live bird NWDP
Ohio,Ottawa,3/30/2022,EA H5,Mallard,Live bird NWDP
Ohio,Ottawa,3/30/2022,EA H5,Mallard,Live bird NWDP
Minnesota,Dakota,3/31/2022,EA H5,Bald eagle,Wild bird mortality MN DNR/NWDP (23)
South Dakota,Aurora,3/31/2022,EA H5,Snow goose,Hunter harvest NWDP
South Dakota,Aurora,3/31/2022,EA H5,Snow goose,Hunter harvest NWDP
South Dakota,Aurora,3/31/2022,EA H5,Snow goose,Hunter harvest NWDP
South Dakota,Aurora,3/31/2022,EA H5,Snow goose,Hunter harvest NWDP
South Dakota,Aurora,3/31/2022,EA H5,Snow goose,Hunter harvest NWDP
South Dakota,Aurora,3/31/2022,EA H5,Snow goose,Hunter harvest NWDP
South Dakota,Aurora,3/31/2022,EA H5,Snow goose,Hunter harvest NWDP
South Dakota,Aurora,3/31/2022,EA H5,Snow goose,Hunter harvest NWDP
South Dakota,Aurora,3/31/2022,EA H5,Snow goose,Hunter harvest NWDP
South Dakota,Aurora,3/31/2022,EA H5,Snow goose,Hunter harvest NWDP
South Dakota,Aurora,3/31/2022,EA H5,Snow goose,Hunter harvest NWDP
South Dakota,Aurora,3/31/2022,EA H5,Snow goose,Hunter harvest NWDP
South Dakota,Aurora,3/31/2022,EA H5,Snow goose,Hunter harvest NWDP
South Dakota,Aurora,3/31/2022,EA H5,Snow goose,Hunter harvest NWDP
South Dakota,Aurora,3/31/2022,EA H5,Snow goose,Hunter harvest NWDP
South Dakota,Aurora,3/31/2022,EA H5,Snow goose,Hunter harvest NWDP
South Dakota,Aurora,3/31/2022,EA H5,Snow goose,Hunter harvest NWDP
South Dakota,Aurora,3/31/2022,EA H5,Snow goose,Hunter harvest NWDP
South Dakota,Aurora,3/31/2022,EA H5,Snow goose,Hunter harvest NWDP
South Dakota,Aurora,3/31/2022,EA H5,Snow goose,Hunter harvest NWDP
North Dakota,Foster,3/31/2022,EA H5,Ross's goose,Wild bird mortality NWDP
North Dakota,Foster,3/31/2022,EA H5,Snow goose,Wild bird mortality NWDP
North Dakota,Foster,3/31/2022,EA H5,Snow goose,Wild bird mortality NWDP
North Dakota,Foster,3/31/2022,EA H5,Snow goose,Wild bird mortality NWDP
North Dakota,Foster,3/31/2022,EA H5,Snow goose,Wild bird mortality NWDP
North Dakota,Foster,3/31/2022,EA H5,Snow goose,Wild bird mortality NWDP
North Dakota,Foster,3/31/2022,EA H5,Snow goose,Wild bird mortality NWDP
North Dakota,Foster,3/31/2022,EA H5,Snow goose,Wild bird mortality NWDP
North Dakota,Foster,3/31/2022,EA H5,Snow goose,Wild bird mortality NWDP
North Dakota,Foster,3/31/2022,EA H5,Snow goose,Wild bird mortality NWDP
North Dakota,Foster,3/31/2022,EA H5,Snow goose,Wild bird mortality NWDP
North Dakota,Foster,3/31/2022,EA H5,Snow goose,Wild bird mortality NWDP
North Dakota,Foster,3/31/2022,EA H5,Snow goose,Wild bird mortality NWDP
North Dakota,Foster,3/31/2022,EA H5,Snow goose,Wild bird mortality NWDP
North Dakota,Foster,3/31/2022,EA H5,Snow goose,Wild bird mortality NWDP
North Dakota,Foster,3/31/2022,EA H5,Snow goose,Wild bird mortality NWDP
North Dakota,Foster,3/31/2022,EA H5,Ross's goose,Wild bird mortality NWDP
North Dakota,Foster,3/31/2022,EA H5,Ross's goose,Wild bird mortality NWDP
North Dakota,Foster,3/31/2022,EA H5,Ross's goose,Wild bird mortality NWDP
North Dakota,Foster,3/31/2022,EA H5,Ross's goose,Wild bird mortality NWDP
North Dakota,Foster,3/31/2022,EA H5,Ross's goose,Wild bird mortality NWDP
North Dakota,Stutsman,3/31/2022,EA H5,Ross's goose,Wild bird mortality NWDP
North Dakota,Stutsman,3/31/2022,EA H5,Snow goose,Wild bird mortality NWDP
North Dakota,Stutsman,3/31/2022,EA H5,Snow goose,Wild bird mortality NWDP
Vermont,Chittenden,3/31/2022,EA H5,Bald eagle,Wild bird mortality NWDP
Vermont,Grand Isle,3/31/2022,EA H5,Bald eagle,Wild bird mortality NWDP
Maine,Lincoln,4/6/2022,EA H5N1,Bald eagle,Wild bird mortality MDIFW/USGS (24)
Maine,York,4/6/2022,EA H5N1,Bald eagle,Wild bird mortality MDIFW/USGS (24)
Michigan,Macomb,3/24/2022,EA H5N1,Snowy owl,Wild bird mortality Michigan DNR
Michigan,Macomb,3/24/2022,EA H5N1,Snowy owl,Wild bird mortality Michigan DNR
Michigan,St. Clair,3/24/2022,EA H5N1,Canada goose,Wild bird mortality Michigan DNR
Michigan,St. Clair,3/24/2022,EA H5N1,Canada goose,Wild bird mortality Michigan DNR
Michigan,St. Clair,3/24/2022,EA H5N1,Canada goose,Wild bird mortality Michigan DNR
Michigan,St. Clair,3/24/2022,EA H5N1,Canada goose,Wild bird mortality Michigan DNR
Michigan,St. Clair,3/24/2022,EA H5N1,Canada goose,Wild bird mortality Michigan DNR
Michigan,St. Clair,3/24/2022,EA H5N1,Canada goose,Wild bird mortality Michigan DNR
Michigan,St. Clair,3/24/2022,EA H5N1,Tundra swan,Wild bird mortality Michigan DNR
Michigan,St. Clair,3/24/2022,EA H5N1,Tundra swan,Wild bird mortality Michigan DNR
South Dakota,Beadle,3/22/2022,EA H5N1,Canada goose,"Wild bird mortality South Dakota Game, Fish, and Parks"
South Dakota,Beadle,3/22/2022,EA H5N1,Canada goose,"Wild bird mortality South Dakota Game, Fish, and Parks"
South Dakota,Beadle,3/22/2022,EA H5N1,Snow goose,"Wild bird mortality South Dakota Game, Fish, and Parks"
South Dakota,Beadle,3/22/2022,EA H5N1,Snow goose,"Wild bird mortality South Dakota Game, Fish, and Parks"
South Dakota,Beadle,3/22/2022,EA H5N1,Snow goose,"Wild bird mortality South Dakota Game, Fish, and Parks"
South Dakota,Beadle,3/22/2022,EA H5N1,Snow goose,"Wild bird mortality South Dakota Game, Fish, and Parks"
South Dakota,Beadle,3/22/2022,EA H5N1,Ross's goose,"Wild bird mortality South Dakota Game, Fish, and Parks"
South Dakota,Beadle,3/22/2022,EA H5N1,Ross's goose,"Wild bird mortality South Dakota Game, Fish, and Parks"
South Dakota,Beadle,3/22/2022,EA H5N1,Ross's goose,"Wild bird mortality South Dakota Game, Fish, and Parks"
South Dakota,Beadle,3/22/2022,EA H5N1,Ross's goose,"Wild bird mortality South Dakota Game, Fish, and Parks"
Ohio,Ottawa,3/21/2022,EA/AM H5N1,Canada goose,Wild bird mortality OH DNR/USGS (17)
Ohio,Guernsey,3/24/2022,EA/AM H5N1,Bald eagle,Wild bird mortality OH DNR/USGS (17)
Ohio,Ottawa,4/1/2022,EA/AM H5N1,Bald eagle,Wild bird mortality OH DNR/USGS (17)
North Dakota,Renville,3/31/2022,EA H5,Snow goose,Wild bird mortality NDGF/USFWS/USGS (19)
North Dakota,Renville,3/31/2022,EA H5,Snow goose,Wild bird mortality NDGF/USFWS/USGS (19)
Wisconsin,Grant,3/31/2022,EA H5,Red-tailed hawk,Wild bird mortality WI DNR/USGS (20)
North Dakota,LaMoure,3/31/2022,EA H5,Snow goose,Wild bird mortality NDGF/USGS (21)
Minnesota,Kandiyohi,3/31/2022,EA H5,Great horned owl,Wild bird mortality MN DNR/USGS (22)
Wisconsin,Milwaukee,3/31/2022,EA H5,Canada goose,Wild bird mortality WI DNR/USGS (20)
Wisconsin,Columbia,3/31/2022,EA H5,Lesser scaup,Wild bird mortality WI DNR/USGS (20)
Wisconsin,Polk,3/31/2022,EA H5,Trumpeter swan,Wild bird mortality WI DNR/USGS (20)
South Dakota,Charles Mix,3/31/2022,EA H5,Bald eagle,Wild bird mortality USGS/FWS (2)
Wisconsin,Dane,3/31/2022,EA H5,Bald eagle,Wild bird mortality WI DNR/USGS (20)
Wisconsin,Dane,3/31/2022,EA H5,Cooper's hawk,Wild bird mortality WI DNR/USGS (20)
North Dakota,Stutsman,3/31/2022,EA/AM H5N1,Snow goose,Wild bird mortality NDGF/USGS (21)
North Dakota,Stutsman,3/31/2022,EA/AM H5N1,Snow goose,Wild bird mortality NDGF/USGS (21)
North Dakota,Stutsman,3/31/2022,EA/AM H5N1,Snow goose,Wild bird mortality NDGF/USGS (21)
New York,Wayne,3/30/2022,EA H5N1,Canada goose,Wild bird mortality NYSDEC (6)
New York,Wayne,3/30/2022,EA H5,Canada goose,Wild bird mortality NYSDEC (6)
New York,Seneca,3/30/2022,EA/AM H5N1,Canada goose,Wild bird mortality NYSDEC (6)
New York,Seneca,3/30/2022,EA/AM H5N1,Great blue heron,Wild bird mortality NYSDEC (6)
New York,Seneca,3/28/2022,EA H5N1,Snowy owl,Wild bird mortality NYSDEC (6)
Florida,Brevard,3/28/2022,EA/AM H5N1,Black vulture,Wild bird mortality Brevard Zoo
Florida,Orange,3/28/2022,EA H5EA/AM H5N1,Black vulture,Wild bird mortality FFWCC
Florida,Orange,3/28/2022,EA H5,Black vulture,Wild bird mortality FFWCC
Florida,Orange,3/28/2022,EA/AM H5N1,Black vulture,Wild bird mortality FFWCC
Florida,Volusia,3/29/2022,EA/AM H5N1,Black vulture,Wild bird mortality FFWCC
Florida,Volusia,3/29/2022,EA/AM H5N1,Black vulture,Wild bird mortality FFWCC
Florida,Volusia,3/29/2022,EA/AM H5N1,Black vulture,Wild bird mortality FFWCC
Florida,Volusia,3/29/2022,EA/AM H5N1,Black vulture,Wild bird mortality FFWCC
Florida,Volusia,3/29/2022,EA/AM H5N1,Black vulture,Wild bird mortality FFWCC
Florida,Volusia,3/29/2022,EA/AM H5N1,Black vulture,Wild bird mortality FFWCC
Florida,Dixie,3/27/2022,EA/AM H5N1,Lesser scaup,Wild bird mortality FFWCC
Florida,Dixie,3/27/2022,EA/AM H5N1,Lesser scaup,Wild bird mortality FFWCC
Florida,Brevard,3/29/2022,EA/AM H5N1,Black vulture,Wild bird mortality Brevard Zoo
Florida,Brevard,3/29/2022,EA/AM H5N1,Black vulture,Wild bird mortality Brevard Zoo
Florida,Dixie,3/29/2022,EA/AM H5N1,Lesser scaup,Wild bird mortality FFWCC
Florida,Orange,3/28/2022,EA H5N1,Black vulture,Wild bird mortality FFWCC
New York,Wayne,4/5/2022,EA H5N1,Tundra swan,Wild bird mortality NYSDEC (6)
New York,Cayuga,4/5/2022,EA H5N1,Cooper's hawk,Wild bird mortality NYSDEC (6)
Minnesota,Hennepin,4/5/2022,EA H5,Mallard,Agency harvest NWDP
Colorado,El Paso,4/5/2022,EA H5,Mallard,Live bird NWDP
Minnesota,Anoka,4/5/2022,EA H5,Mallard,Agency harvest NWDP
Minnesota,Anoka,4/5/2022,EA H5,Mallard,Agency harvest NWDP
Colorado,El Paso,4/5/2022,EA H5,American green-winged teal,Live bird NWDP
Colorado,El Paso,4/6/2022,EA H5,Mallard,Live bird NWDP
Colorado,El Paso,4/6/2022,EA H5,Mallard,Live bird NWDP
Colorado,El Paso,4/6/2022,EA H5,Mallard,Live bird NWDP
Colorado,Denver,4/6/2022,EA H5,Mallard,Agency harvest NWDP
Colorado,Denver,4/6/2022,EA H5,Mallard,Agency harvest NWDP
Colorado,Denver,4/6/2022,EA H5,Mallard,Agency harvest NWDP
Nebraska,Otoe,3/22/2022,EA H5N1,Bald eagle,Wild bird mortality NDA (9)
Nebraska,Brown,3/22/2022,EA H5N1,Swan (unidentified),Wild bird mortality NDA (9)
Nebraska,Scotts Bluff,4/1/2022,EA H5,Canada goose,Wild bird mortality NDA (9)
Nebraska,Scotts Bluff,4/1/2022,EA H5,Snow goose,Wild bird mortality NDA (9)
Colorado,Morgan,4/1/2022,EA H5,Snow goose,Wild bird mortality CO Parks & Wildlife
North Dakota,Cass,4/6/2022,EA H5N1,Snowy owl,Wild bird mortality NDGF/USGS (21)
North Dakota,Renville,4/6/2022,EA H5N1,Bald eagle,Wild bird mortality NDGF/USGS (21)
North Dakota,Mercer,4/6/2022,EA H5N1,Great horned owl,Wild bird mortality NDGF/USGS (21)
North Dakota,Mercer,4/6/2022,EA H5N1,Bald eagle,Wild bird mortality NDGF/USGS (21)
Minnesota,Blue Earth,4/6/2022,EA H5N1,Canada goose,Wild bird mortality MN DNR/USGS (22)
South Dakota,Minnehaha,4/1/2022,EA H5,Bald eagle,"Wild bird mortality South Dakota Game, Fish, and Parks"
South Dakota,Aurora,3/29/2022,EA/AM H5N1,Bald eagle,"Wild bird mortality South Dakota Game, Fish, and Parks"
South Dakota,Stanley,3/29/2022,EA H5N1,Red-tailed hawk,"Wild bird mortality South Dakota Game, Fish, and Parks"
South Dakota,Codington,3/28/2022,EA H5N1,Great horned owl,"Wild bird mortality South Dakota Game, Fish, and Parks"
South Dakota,Aurora,3/28/2022,EA/AM H5N1,Snow goose,"Wild bird mortality South Dakota Game, Fish, and Parks"
South Dakota,Day,3/28/2022,EA H5N1,Snow goose,"Wild bird mortality South Dakota Game, Fish, and Parks"
South Dakota,Kingsbury,3/28/2022,EA H5N1,Snow goose,"Wild bird mortality South Dakota Game, Fish, and Parks"
Oklahoma,Payne,3/28/2022,EA H5,Mallard,"Wild bird mortality OK Dept of Agriculture, Food and Forestry"
New York,Suffolk,3/25/2022,EA H5N1,Pheasant (unidentified),Wild bird mortality NYSDAM (25)
New York,Suffolk,3/25/2022,EA H5N1,Pheasant (unidentified),Wild bird mortality NYSDAM (25)
New York,Suffolk,3/25/2022,EA H5N1,Pheasant (unidentified),Wild bird mortality NYSDAM (25)
Vermont,Franklin,4/7/2022,EA H5N1,Bald eagle,Wild bird mortality NWDP
Florida,Sanford,3/28/2022,EA/AM H5N1,Bald eagle,Wild bird mortality USFWS/SCWDS (11)
Florida,Seminole,3/28/2022,EA/AM H5N1,Bald eagle,Wild bird mortality USFWS/SCWDS (11)
Florida,Duval,3/28/2022,EA/AM H5N1,Bald eagle,Wild bird mortality USFWS/SCWDS (11)
South Carolina,Lexington,3/28/2022,EA/AM H5N1,Bald eagle,Wild bird mortality SC DNR/SCWDS (26)
Kansas,Riley,3/28/2022,EA H5N1,Bald eagle,Wild bird mortality KDWP/SCWDS (14)
Kansas,Clay,3/28/2022,EA/AM H5N1,Red-tailed hawk,Wild bird mortality KDWP/SCWDS (14)
Kansas,Jewell,3/28/2022,EA H5N1,Snow goose,Wild bird mortality KDWP/SCWDS (14)
Kansas,Jewell,3/28/2022,EA/AM H5N1,Snow goose,Wild bird mortality KDWP/SCWDS (14)
Kansas,Jewell,3/28/2022,EA H5,Snow goose,Wild bird mortality KDWP/SCWDS (14)
Kansas,Jewell,3/28/2022,EA/AM H5N1,Snow goose,Wild bird mortality KDWP/SCWDS (14)
Kansas,Jewell,3/28/2022,EA/AM H5N1,Snow goose,Wild bird mortality KDWP/SCWDS (14)
Kansas,Jewell,3/28/2022,EA/AM H5N1,Snow goose,Wild bird mortality KDWP/SCWDS (14)
Kansas,Jefferson,3/28/2022,EA H5N1,American white pelican,Wild bird mortality KDWP/SCWDS (14)
Georgia,Glynn,3/28/2022,EA/AM H5N1,Bald eagle,Wild bird mortality GDNR/SCWDS (12)
Georgia,Chatham,3/28/2022,EA/AM H5N1,Bald eagle,Wild bird mortality GDNR/SCWDS (12)
Georgia,Liberty,3/28/2022,EA/AM H5N1,Bald eagle,Wild bird mortality GDNR/SCWDS (12)
Maine,York,3/24/2022,EA H5N1,Canada goose,Wild bird mortality MDIFW/USGS (24)
Montana,Gallatin,4/15/2022,EA H5N1,Canada goose,"Wild bird mortality MT Fish, Wildlife and Parks"
Montana,Lewis and Clark,4/15/2022,EA H5N1,Canada goose,"Wild bird mortality MT Fish, Wildlife and Parks"
Minnesota,Houston,4/15/2022,EA H5N1,Great horned owl,Wild bird mortality MN DNR/USGS (22)
South Dakota,Faulk,4/8/2022,EA H5N1,Snow goose,Hunter harvest NWDP
South Dakota,Faulk,4/8/2022,EA H5N1,Snow goose,Hunter harvest NWDP
North Dakota,Grand Forks,4/12/2022,EA H5N1,American crow,Wild bird mortality NWDP
Missouri,Buchanan,4/12/2022,EA H5N1,American white pelican,Agency harvest NWDP
Tennessee,Davidson,4/12/2022,,Canada goose,Wild bird mortality NWDP
North Dakota,Wells,4/6/2022,EA H5N1,Snow goose,Hunter harvest NWDP
North Dakota,Wells,4/6/2022,EA H5N1,Snow goose,Hunter harvest NWDP
North Dakota,Wells,4/6/2022,EA H5N1,Snow goose,Hunter harvest NWDP
North Dakota,Wells,4/6/2022,EA H5N1,Snow goose,Hunter harvest NWDP
North Dakota,Wells,4/6/2022,EA H5N1,Snow goose,Hunter harvest NWDP
North Dakota,Emmons,4/12/2022,EA H5N1,Snow goose,Wild bird mortality NWDP
North Dakota,Emmons,4/12/2022,EA H5N1,Snow goose,Wild bird mortality NWDP
North Dakota,Emmons,4/12/2022,EA H5N1,Snow goose,Wild bird mortality NWDP
North Dakota,Emmons,4/12/2022,EA H5N1,Snow goose,Wild bird mortality NWDP
North Dakota,Emmons,4/12/2022,EA H5N1,Snow goose,Wild bird mortality NWDP
North Dakota,Emmons,4/12/2022,EA H5N1,Snow goose,Wild bird mortality NWDP
North Dakota,Emmons,4/12/2022,EA H5N1,Snow goose,Wild bird mortality NWDP
North Dakota,Emmons,4/12/2022,EA H5N1,Snow goose,Wild bird mortality NWDP
North Dakota,Emmons,4/12/2022,EA H5N1,Snow goose,Wild bird mortality NWDP
North Dakota,Emmons,4/12/2022,EA H5N1,Snow goose,Wild bird mortality NWDP
North Dakota,Emmons,4/12/2022,EA H5N1,Snow goose,Wild bird mortality NWDP
North Dakota,Emmons,4/12/2022,EA H5N1,Snow goose,Wild bird mortality NWDP
North Dakota,Emmons,4/12/2022,EA H5N1,Snow goose,Wild bird mortality NWDP
North Dakota,Emmons,4/12/2022,EA H5N1,Snow goose,Wild bird mortality NWDP
North Dakota,Emmons,4/12/2022,EA H5N1,Snow goose,Wild bird mortality NWDP
North Dakota,Emmons,4/12/2022,EA H5N1,Ross's goose,Wild bird mortality NWDP
North Dakota,Emmons,4/12/2022,EA H5N1,Ross's goose,Wild bird mortality NWDP
North Dakota,Emmons,4/12/2022,EA H5N1,Ross's goose,Wild bird mortality NWDP
North Dakota,Emmons,4/12/2022,EA H5N1,Ross's goose,Wild bird mortality NWDP
North Dakota,Emmons,4/12/2022,EA H5N1,Ross's goose,Wild bird mortality NWDP
North Dakota,Emmons,4/12/2022,EA H5N1,Ross's goose,Wild bird mortality NWDP
North Dakota,Emmons,4/12/2022,EA H5N1,Ross's goose,Wild bird mortality NWDP
North Dakota,Emmons,4/12/2022,EA H5N1,Ross's goose,Wild bird mortality NWDP
North Dakota,Emmons,4/12/2022,EA H5N1,Ross's goose,Wild bird mortality NWDP
North Dakota,Emmons,4/12/2022,EA H5N1,Ross's goose,Wild bird mortality NWDP
New Hampshire,Belknap,4/14/2022,EA H5N1,Canada goose,Wild bird mortality NWDP
New Hampshire,Belknap,4/14/2022,EA H5N1,Canada goose,Wild bird mortality NWDP
Minnesota,Anoka,4/14/2022,EA H5N1,Mallard,Agency harvest NWDP
North Dakota,Stutsman,4/15/2022,EA H5N1,Snow goose,Wild bird mortality NWDP
North Dakota,Stutsman,4/15/2022,EA H5N1,Snow goose,Wild bird mortality NWDP
North Dakota,Stutsman,4/15/2022,EA H5N1,Snow goose,Wild bird mortality NWDP
North Dakota,Stutsman,4/15/2022,EA H5N1,Ross's goose,Wild bird mortality NWDP
North Dakota,Stutsman,4/15/2022,EA H5N1,Ross's goose,Wild bird mortality NWDP
North Dakota,Sargent,4/15/2022,EA H5N1,Merganser NOS,Wild bird mortality NWDP
Minnesota,Anoka,4/14/2022,EA H5,Mallard,Agency harvest NWDP
North Dakota,Renville,4/14/2022,EA H5N1,Ross's goose,Wild bird mortality NWDP
North Dakota,Renville,4/14/2022,EA H5N1,Ross's goose,Wild bird mortality NWDP
North Dakota,Renville,4/14/2022,EA H5N1,Snow goose,Wild bird mortality NWDP
North Dakota,Renville,4/14/2022,EA H5N1,Snow goose,Wild bird mortality NWDP
North Dakota,Renville,4/14/2022,EA H5N1,Snow goose,Wild bird mortality NWDP
North Dakota,Mchenry,4/14/2022,EA H5N1,Ross's goose,Wild bird mortality NWDP
North Dakota,Mchenry,4/14/2022,EA H5N1,Snow goose,Wild bird mortality NWDP
North Dakota,Mchenry,4/14/2022,EA H5N1,Snow goose,Wild bird mortality NWDP
North Dakota,Mchenry,4/14/2022,EA H5N1,Snow goose,Wild bird mortality NWDP
North Dakota,Mchenry,4/14/2022,EA H5N1,Snow goose,Wild bird mortality NWDP
North Dakota,Bottineau,4/14/2022,EA H5N1,Ross's goose,Wild bird mortality NWDP
North Dakota,Bottineau,4/14/2022,EA H5N1,Snow goose,Wild bird mortality NWDP
North Dakota,Bottineau,4/14/2022,EA H5N1,Snow goose,Wild bird mortality NWDP
North Dakota,Bottineau,4/14/2022,EA H5N1,Snow goose,Wild bird mortality NWDP
North Dakota,Bottineau,4/14/2022,EA H5N1,Snow goose,Wild bird mortality NWDP
North Dakota,Mchenry,4/14/2022,EA H5N1,Snow goose,Wild bird mortality NWDP
North Dakota,Mchenry,4/14/2022,EA H5N1,Snow goose,Wild bird mortality NWDP
North Dakota,Mchenry,4/14/2022,EA H5N1,Snow goose,Wild bird mortality NWDP
North Dakota,Mchenry,4/14/2022,EA H5N1,Snow goose,Wild bird mortality NWDP
North Dakota,Mchenry,4/14/2022,EA H5N1,Canada goose,Wild bird mortality NWDP
North Dakota,Mchenry,4/14/2022,EA H5N1,Snow goose,Wild bird mortality NWDP
North Dakota,Mchenry,4/14/2022,EA H5N1,Snow goose,Wild bird mortality NWDP
North Dakota,Mchenry,4/14/2022,EA H5N1,Snow goose,Wild bird mortality NWDP
North Dakota,Mchenry,4/14/2022,EA H5N1,Ross's goose,Wild bird mortality NWDP
North Dakota,Sargent,4/14/2022,EA H5N1,Red-tailed hawk,Wild bird mortality NWDP
Minnesota,Hennepin,4/14/2022,EA H5N1,Canada goose,Wild bird mortality NWDP
North Dakota,Sargent,4/14/2022,EA H5N1,Red-tailed hawk,Wild bird mortality NWDP
North Dakota,Mclean,4/15/2022,EA H5N1,Red-tailed hawk,Wild bird mortality NWDP
Ohio,Clinton,4/15/2022,EA H5N1,Bald eagle,Wild bird mortality OH DNR/USGS (17)
Ohio,Montgomery,4/15/2022,EA H5N1,Bald eagle,Wild bird mortality OH DNR/USGS (17)
Wisconsin,Juneau,4/14/2022,EA H5N1,Hooded merganser,Wild bird mortality WI DNR/USGS (20)
Wisconsin,Juneau,4/14/2022,EA H5N1,Hooded merganser,Wild bird mortality WI DNR/USGS (20)
Illinois,Will,4/14/2022,EA H5N1,Bald eagle,Wild bird mortality IL DNR/USGS
Wisconsin,Pepin,4/14/2022,EA H5N1,Bald eagle,Wild bird mortality WI DNR/USGS (20)
Wisconsin,Brown,4/14/2022,EA H5N1,Mute swan,Wild bird mortality WI DNR/USGS (20)
Wisconsin,Vernon,4/8/2022,EA H5N1,Snowy owl,Wild bird mortality WI DNR/USGS (20)
South Dakota,Lincoln,4/15/2022,EA H5,Bald eagle,"Wild bird mortality SD Game, Fish, and Parks"
South Dakota,Lake,4/12/2022,EA H5N1,Lesser scaup,"Wild bird mortality SD Game, Fish, and Parks"
Ohio,Cuyahoga,3/28/2022,EA/AM H5N1,Canada goose,Wild bird mortality OH DNR/USGS (17)
Ohio,Cuyahoga,3/28/2022,EA/AM H5N1,Canada goose,Wild bird mortality OH DNR/USGS (17)
North Dakota,Ward,4/6/2022,EA H5,Snow goose,Wild bird mortality NWDP
North Dakota,Ward,4/6/2022,EA H5,Snow goose,Wild bird mortality NWDP
North Dakota,Ward,4/6/2022,EA H5N1,Ross's goose,Wild bird mortality NWDP
North Dakota,Ward,4/6/2022,EA H5N1,Snow goose,Wild bird mortality NWDP
North Dakota,Ward,4/6/2022,EA H5N1,Ross's goose,Wild bird mortality NWDP
North Dakota,Ward,4/6/2022,EA H5N1,Ross's goose,Wild bird mortality NWDP
North Dakota,Ward,4/6/2022,EA H5N1,Canada goose,Wild bird mortality NWDP
North Dakota,Ward,4/6/2022,EA H5N1,Ross's goose,Wild bird mortality NWDP
North Dakota,Ward,4/6/2022,EA H5N1,Ross's goose,Wild bird mortality NWDP
